{
    "master_nodes": ["192.168.200.60"],
    "ps1":"master节点, 集群模式如果为空的话会使用host_list中node_type为master的IP",
    "data_nodes": ["192.168.200.52", "192.168.200.54"],
    "ps2":"data节点, 集群模式如果为空的话会使用host_list中node_type中为data的IP",
    "version": "7.12.0",
    "temp_dir": "/mnt/d/temp/",
    "product_type": 0,
    "ps3":"0-单节点, 1-集群; 单节点模式下只能使用master_nodes定义的IP",
    "cluster_name": "test-cluster",
    "ps4":"集群名称, 0-单节点模式下无效",
    "es_data_paths": ["/opt/elasticsearch"],
    "es_log_path": "/opt/elasticsearch/log",
    "es_half_memory": "2g",
    "ps5":"配置es_heap_size, 建议值为内存一半",
    "es_initial_master_nodes": ["192.168.200.60"],
    "ps6":"配置cluster.initial_master_nodes-初始化节点顺序; 0-单节点模式下无效",
    "es_discovery_seed_hosts": ["192.168.200.60", "192.168.200.52", "192.168.200.54"],
    "ps7":"配置discovery.seed_hosts-自动发现; 0-单节点模式下无效",
    "ctr_hosts": ["192.168.200.60", "192.168.200.52", "192.168.200.54"],
    "ps8":"启,停,卸载模式使用的IP列表, 如为空即使用host_list传过来的所有IP; install模式下无效",
    "delete_data_paths":[
        "/tmp/test1",
        "/tmp/test2"
    ],
    "ps9":"卸载时会删除该列表定义的目录或文件, 如为空就只删除/etc/elasticsearch; 仅uninstall模式有效",
    "node_name":"test1",
    "ps10":"0-单节点模式下有效",
    "host_list": [{
        "host": "132.122.1.1",
        "super_os_user": "it_ops",
        "sshport": 22,
        "node_type": "master"
        }, {
        "host": "132.122.1.2",
        "super_os_user": "it_ops",
        "sshport": 22,
        "super_os_passwd": "Aa@2wsx3edc",
        "node_type": "data"
        }, {
        "host": "192.168.200.60",
        "super_os_user": "root",
        "sshport": 58022,
        "super_os_passwd": "GDkvm20!9L",
        "node_type": "master"
        }, {
        "host": "192.168.200.52",
        "super_os_user": "root",
        "sshport": 58022,
        "super_os_passwd": "GDkvm20!9L",
        "node_type": "data"
        }, {
        "host": "192.168.200.54",
        "super_os_user": "root",
        "sshport": 58022,
        "super_os_passwd": "GDkvm20!9L",
        "node_type": "data"
    }]
}